<?xml version="1.0" encoding="utf-8"?>
<resources xmlns:tools="http://schemas.android.com/tools">

    <!-- Base application theme -->
    <style name="Theme.AIQuizGenerator" parent="Theme.MaterialComponents.DayNight.DarkActionBar">
        <item name="colorPrimary">#121212</item>
        <item name="colorPrimaryVariant">#1F1B24</item>
        <item name="colorOnPrimary">#FFFFFF</item>
        <item name="colorSecondary">#03DAC5</item>
        <item name="colorSecondaryVariant">#018786</item>
        <item name="colorOnSecondary">#000000</item>
        <item name="android:windowBackground">@drawable/galaxy_background</item>
        <item name="android:textColor">#FFFFFF</item>
        <item name="android:editTextBackground">@drawable/glass_input</item>
        <item name="android:buttonStyle">@style/GlassButton</item>
        <item name="android:popupMenuStyle">@style/PopupMenuStyle</item>
    </style>

    <!-- Glass-style button with rounded corners and transparency -->
    <style name="GlassButton">
        <item name="android:layout_width">match_parent</item>
        <item name="android:layout_height">wrap_content</item>
        <item name="android:background">@drawable/glass_button</item>
        <item name="android:textColor">#FFFFFF</item>
        <item name="android:textStyle">bold</item>
        <item name="android:layout_marginBottom">12dp</item>
    </style>

    <!-- Optional: dark popup style if you use menus -->
    <style name="PopupMenuStyle" parent="Widget.AppCompat.PopupMenu.Overflow">
        <item name="android:popupBackground">#222222</item>
        <item name="android:textColor">#FFFFFF</item>
    </style>

</resources>
