<?xml version="1.0" encoding="utf-8"?>
<selector xmlns:android="http://schemas.android.com/apk/res/android">
    <item android:state_pressed="true">
        <shape android:shape="rectangle">
            <solid android:color="#66FFFFFF" />
            <corners android:radius="16dp" />
            <stroke android:width="2dp" android:color="#88FFFFFF" />
        </shape>
    </item>
    <item>
        <shape android:shape="rectangle">
            <solid android:color="#33FFFFFF" />
            <corners android:radius="16dp" />
            <stroke android:width="2dp" android:color="#66FFFFFF" />
        </shape>
    </item>
</selector>
